No.,Sample,name,file1,file2,ref_seq
1,Y253H,1_Y253H,1_S1_L001_R1_001.fastq.gz,1_S1_L001_R2_001.fastq.gz,exon4_150PE_2
2,Y253H,2_Y253H,2_S2_L001_R1_001.fastq.gz,2_S2_L001_R2_001.fastq.gz,exon4_150PE_2
3,E255V,3_E255V,3_S3_L001_R1_001.fastq.gz,3_S3_L001_R2_001.fastq.gz,exon4_150PE_2
4,V299L,4_V299L,4_S4_L001_R1_001.fastq.gz,4_S4_L001_R2_001.fastq.gz,exon5
5,V299L,5_V299L,5_S5_L001_R1_001.fastq.gz,5_S5_L001_R2_001.fastq.gz,exon5
6,V299L,6_V299L,6_S6_L001_R1_001.fastq.gz,6_S6_L001_R2_001.fastq.gz,exon5
7,E466G,7_E466G,7_S7_L001_R1_001.fastq.gz,7_S7_L001_R2_001.fastq.gz,exon8
8,E466G,8_E466G,8_S8_L001_R1_001.fastq.gz,8_S8_L001_R2_001.fastq.gz,exon8
9,E279G,9_E279G,9_S9_L001_R1_001.fastq.gz,9_S9_L001_R2_001.fastq.gz,exon5
13,Y253H,13_Y253H,13_S13_L001_R1_001.fastq.gz,13_S13_L001_R2_001.fastq.gz,exon4_150PE_2
14,Y253H,14_Y253H,14_S14_L001_R1_001.fastq.gz,14_S14_L001_R2_001.fastq.gz,exon4_150PE_2
15,E255V,15_E255V,15_S15_L001_R1_001.fastq.gz,15_S15_L001_R2_001.fastq.gz,exon4_150PE_2
16,V299L,16_V299L,16_S16_L001_R1_001.fastq.gz,16_S16_L001_R2_001.fastq.gz,exon5
17,V299L,17_V299L,17_S17_L001_R1_001.fastq.gz,17_S17_L001_R2_001.fastq.gz,exon5
18,E466G,18_E466G,18_S18_L001_R1_001.fastq.gz,18_S18_L001_R2_001.fastq.gz,exon8
19,E466G,19_E466G,19_S19_L001_R1_001.fastq.gz,19_S19_L001_R2_001.fastq.gz,exon8
20,E279G,20_E279G,20_S20_L001_R1_001.fastq.gz,20_S20_L001_R2_001.fastq.gz,exon5
21,E279G,21_E279G,21_S21_L001_R1_001.fastq.gz,21_S21_L001_R2_001.fastq.gz,exon5
25,Y253H,25_Y253H,25_S25_L001_R1_001.fastq.gz,25_S25_L001_R2_001.fastq.gz,exon4_150PE_2
26,Y253H,26_Y253H,26_S26_L001_R1_001.fastq.gz,26_S26_L001_R2_001.fastq.gz,exon4_150PE_2
27,E255V,27_E255V,27_S27_L001_R1_001.fastq.gz,27_S27_L001_R2_001.fastq.gz,exon4_150PE_2
28,V299L,28_V299L,28_S28_L001_R1_001.fastq.gz,28_S28_L001_R2_001.fastq.gz,exon5
29,V299L,29_V299L,29_S29_L001_R1_001.fastq.gz,29_S29_L001_R2_001.fastq.gz,exon5
30,E466G,30_E466G,30_S30_L001_R1_001.fastq.gz,30_S30_L001_R2_001.fastq.gz,exon8
31,E466G,31_E466G,31_S31_L001_R1_001.fastq.gz,31_S31_L001_R2_001.fastq.gz,exon8
32,E279G,32_E279G,32_S32_L001_R1_001.fastq.gz,32_S32_L001_R2_001.fastq.gz,exon5
37,Y253H,37_Y253H,37_S37_L001_R1_001.fastq.gz,37_S37_L001_R2_001.fastq.gz,exon4_150PE_2
38,Y253H,38_Y253H,38_S38_L001_R1_001.fastq.gz,38_S38_L001_R2_001.fastq.gz,exon4_150PE_2
39,E255V,39_E255V,39_S39_L001_R1_001.fastq.gz,39_S39_L001_R2_001.fastq.gz,exon4_150PE_2
40,V299L,40_V299L,40_S40_L001_R1_001.fastq.gz,40_S40_L001_R2_001.fastq.gz,exon5
41,V299L,41_V299L,41_S41_L001_R1_001.fastq.gz,41_S41_L001_R2_001.fastq.gz,exon5
42,E466G,42_E466G,42_S42_L001_R1_001.fastq.gz,42_S42_L001_R2_001.fastq.gz,exon8
43,E466G,43_E466G,43_S43_L001_R1_001.fastq.gz,43_S43_L001_R2_001.fastq.gz,exon8
44,E279G,44_E279G,44_S44_L001_R1_001.fastq.gz,44_S44_L001_R2_001.fastq.gz,exon5
49,Y253H,49_Y253H,49_S49_L001_R1_001.fastq.gz,49_S49_L001_R2_001.fastq.gz,exon4_150PE_2
50,Y253H,50_Y253H,50_S50_L001_R1_001.fastq.gz,50_S50_L001_R2_001.fastq.gz,exon4_150PE_2
51,E255V,51_E255V,51_S51_L001_R1_001.fastq.gz,51_S51_L001_R2_001.fastq.gz,exon4_150PE_2
52,V299L,52_V299L,52_S52_L001_R1_001.fastq.gz,52_S52_L001_R2_001.fastq.gz,exon5
53,V299L,53_V299L,53_S53_L001_R1_001.fastq.gz,53_S53_L001_R2_001.fastq.gz,exon5
54,E466G,54_E466G,54_S54_L001_R1_001.fastq.gz,54_S54_L001_R2_001.fastq.gz,exon8
55,E466G,55_E466G,55_S55_L001_R1_001.fastq.gz,55_S55_L001_R2_001.fastq.gz,exon8
56,E279G,56_E279G,56_S56_L001_R1_001.fastq.gz,56_S56_L001_R2_001.fastq.gz,exon5
61,Y253H,61_Y253H,61_S61_L001_R1_001.fastq.gz,61_S61_L001_R2_001.fastq.gz,exon4_150PE_2
62,Y253H,62_Y253H,62_S62_L001_R1_001.fastq.gz,62_S62_L001_R2_001.fastq.gz,exon4_150PE_2
63,E255V,63_E255V,63_S63_L001_R1_001.fastq.gz,63_S63_L001_R2_001.fastq.gz,exon4_150PE_2
64,V299L,64_V299L,64_S64_L001_R1_001.fastq.gz,64_S64_L001_R2_001.fastq.gz,exon5
65,V299L,65_V299L,65_S65_L001_R1_001.fastq.gz,65_S65_L001_R2_001.fastq.gz,exon5
66,E466G,66_E466G,66_S66_L001_R1_001.fastq.gz,66_S66_L001_R2_001.fastq.gz,exon8
67,E466G,67_E466G,67_S67_L001_R1_001.fastq.gz,67_S67_L001_R2_001.fastq.gz,exon8
68,E279G,68_E279G,68_S68_L001_R1_001.fastq.gz,68_S68_L001_R2_001.fastq.gz,exon5
73,Y253H,73_Y253H,73_S73_L001_R1_001.fastq.gz,73_S73_L001_R2_001.fastq.gz,exon4_150PE_2
74,E255V,74_E255V,74_S74_L001_R1_001.fastq.gz,74_S74_L001_R2_001.fastq.gz,exon4_150PE_2
75,E255V,75_E255V,75_S75_L001_R1_001.fastq.gz,75_S75_L001_R2_001.fastq.gz,exon4_150PE_2
76,V299L,76_V299L,76_S76_L001_R1_001.fastq.gz,76_S76_L001_R2_001.fastq.gz,exon5
77,V299L,77_V299L,77_S77_L001_R1_001.fastq.gz,77_S77_L001_R2_001.fastq.gz,exon5
78,E466G,78_E466G,78_S78_L001_R1_001.fastq.gz,78_S78_L001_R2_001.fastq.gz,exon8
79,E466G,79_E466G,79_S79_L001_R1_001.fastq.gz,79_S79_L001_R2_001.fastq.gz,exon8
80,E279G,80_E279G,80_S80_L001_R1_001.fastq.gz,80_S80_L001_R2_001.fastq.gz,exon5
85,Y253H,85_Y253H,85_S85_L001_R1_001.fastq.gz,85_S85_L001_R2_001.fastq.gz,exon4_150PE_2
86,E255V,86_E255V,86_S86_L001_R1_001.fastq.gz,86_S86_L001_R2_001.fastq.gz,exon4_150PE_2
87,E255V,87_E255V,87_S87_L001_R1_001.fastq.gz,87_S87_L001_R2_001.fastq.gz,exon4_150PE_2
88,V299L,88_V299L,88_S88_L001_R1_001.fastq.gz,88_S88_L001_R2_001.fastq.gz,exon5
89,V299L,89_V299L,89_S89_L001_R1_001.fastq.gz,89_S89_L001_R2_001.fastq.gz,exon5
90,E466G,90_E466G,90_S90_L001_R1_001.fastq.gz,90_S90_L001_R2_001.fastq.gz,exon8
91,E466G,91_E466G,91_S91_L001_R1_001.fastq.gz,91_S91_L001_R2_001.fastq.gz,exon8
92,E279G,92_E279G,92_S92_L001_R1_001.fastq.gz,92_S92_L001_R2_001.fastq.gz,exon5
